{"Ifera\\ScoreHud\\libs\\jackmd\\scorefactory":{"name":"ScoreFactory","version":"4.0.0","api":"3.0.0","antigen":"jackmd\\scorefactory","authors":["JackMD","TwistedAsylumMC"],"php":[7.4,8],"build":{"builder":"PoggitCI\/1.0-beta\/beta poggit-virion\/1.0","builderName":"poggit","buildTime":"2021-04-26T11:11:42+00:00","poggitBuildId":101330,"buildClass":"Dev","projectId":4142,"projectBuildNumber":24,"fromCommit":"aef96e8694fbbdb7ab5016b5f83347f48f1e231a","poggitResourceId":124051}},"Ifera\\ScoreHud\\libs\\JackMD\\UpdateNotifier":{"name":"UpdateNotifier","version":"2.1.0","api":["3.0.0"],"antigen":"JackMD\\UpdateNotifier","authors":["JackMD","Sandertv"],"php":[7.2],"build":{"builder":"PoggitCI\/1.0-beta\/beta poggit-virion\/1.0","builderName":"poggit","buildTime":"2020-05-29T19:10:27+00:00","poggitBuildId":79938,"buildClass":"Dev","projectId":4427,"projectBuildNumber":7,"fromCommit":"ecc18c196290e6d75c37433fef00a21e406fb680","poggitResourceId":89744}},"Ifera\\ScoreHud\\libs\\JackMD\\ConfigUpdater":{"name":"ConfigUpdater","version":"1.2.0","api":["3.0.0"],"antigen":"JackMD\\ConfigUpdater","author":"JackMD","php":[7.2,7.3,7.4],"build":{"builder":"PoggitCI\/1.0-beta\/beta poggit-virion\/1.0","builderName":"poggit","buildTime":"2020-10-21T10:23:23+00:00","poggitBuildId":90357,"buildClass":"Dev","projectId":4681,"projectBuildNumber":11,"fromCommit":"a3bf0562b6b35f8d96b5c81a962fa550677baaf0","poggitResourceId":106167}}}